{"LR0.0001_UL1": {"accuracy": [0.8603082895278931, 0.9055876731872559, 0.9370584487915039, 0.9508670568466187, 0.9537572264671326, 0.9617854952812195, 0.97398841381073, 0.9710982441902161, 0.9820166826248169, 0.9836223721504211, 0.9845857620239258, 0.9884393215179443, 0.9903661012649536, 0.989402711391449, 0.9913294911384583, 0.9916505813598633, 0.9929351210594177, 0.9932562708854675, 0.9971098303794861, 0.9951830506324768], "loss": [0.3240357041358948, 0.21426954865455627, 0.16516363620758057, 0.14319181442260742, 0.11915158480405807, 0.09975747764110565, 0.0758066326379776, 0.07211875915527344, 0.05681394040584564, 0.05393867939710617, 0.047468896955251694, 0.03521191328763962, 0.03605864942073822, 0.03193923830986023, 0.0283384770154953, 0.026573602110147476, 0.024652494117617607, 0.025153109803795815, 0.01620381511747837, 0.018241211771965027], "recall": [0.863198459148407, 0.9216442108154297, 0.9524726867675781, 0.9666024446487427, 0.9691714644432068, 0.9717405438423157, 0.9826589822769165, 0.9768785834312439, 0.9884393215179443, 0.9858702421188354, 0.9890815615653992, 0.9903661012649536, 0.9903661012649536, 0.989723801612854, 0.9935774207115173, 0.9916505813598633, 0.9935774207115173, 0.9922928810119629, 0.9980732202529907, 0.9955042004585266], "val_accuracy": [0.8978102207183838, 0.9197080135345459, 0.9245741963386536, 0.9440389275550842, 0.9537712931632996, 0.9489051103591919, 0.9659367203712463, 0.9732360243797302, 0.956204354763031, 0.970802903175354, 0.985401451587677, 0.9732360243797302, 0.970802903175354, 0.985401451587677, 0.9927007555961609, 0.9878345727920532, 0.9927007555961609, 0.9902676343917847, 0.9951338171958923, 0.9927007555961609], "val_loss": [0.24578973650932312, 0.17584915459156036, 0.16670942306518555, 0.1150239109992981, 0.09960257261991501, 0.11390412598848343, 0.08108044415712357, 0.07368482649326324, 0.08443190157413483, 0.07058050483465195, 0.04178432747721672, 0.06388372927904129, 0.06801383197307587, 0.039097677916288376, 0.019962208345532417, 0.03497815132141113, 0.026580356061458588, 0.03280084207653999, 0.022785961627960205, 0.019896110519766808], "val_recall": [0.9795918464660645, 0.9795918464660645, 0.9897959232330322, 0.9897959232330322, 0.9897959232330322, 1.0, 1.0, 1.0, 1.0, 1.0, 1.0, 1.0, 1.0, 1.0, 0.9897959232330322, 1.0, 1.0, 1.0, 1.0, 1.0], "learning_rate": [9.999999747378752e-05, 9.999999747378752e-05, 9.999999747378752e-05, 9.999999747378752e-05, 9.999999747378752e-05, 9.999999747378752e-05, 9.999999747378752e-05, 9.999999747378752e-05, 9.999999747378752e-05, 9.999999747378752e-05, 9.999999747378752e-05, 9.999999747378752e-05, 9.999999747378752e-05, 9.999999747378752e-05, 9.999999747378752e-05, 9.999999747378752e-05, 9.999999747378752e-05, 9.999999747378752e-05, 4.999999873689376e-05, 4.999999873689376e-05]}, "LR0.0001_UL2": {"accuracy": [0.8815028667449951, 0.9476557374000549, 0.9617854952812195, 0.9755941033363342, 0.9778420329093933, 0.9874759316444397, 0.9858702421188354, 0.9903661012649536, 0.9922928810119629, 0.9900449514389038, 0.9938985109329224, 0.9938985109329224, 0.994540810585022, 0.9942196607589722, 0.9958252906799316, 0.9983943700790405, 0.994861900806427, 0.9929351210594177, 0.9942196607589722, 0.9980732202529907], "loss": [0.27440646290779114, 0.1444396823644638, 0.09664313495159149, 0.07229368388652802, 0.05820278078317642, 0.03805829584598541, 0.04273032769560814, 0.03330960124731064, 0.023628368973731995, 0.024281680583953857, 0.020114006474614143, 0.01957428827881813, 0.016030801460146904, 0.023368798196315765, 0.016095010563731194, 0.0069242133758962154, 0.014543591067194939, 0.016568534076213837, 0.013341343030333519, 0.00612166291102767], "recall": [0.8940269947052002, 0.9640334248542786, 0.9710982441902161, 0.9807322025299072, 0.9813744425773621, 0.9884393215179443, 0.9858702421188354, 0.9916505813598633, 0.9935774207115173, 0.989723801612854, 0.9929351210594177, 0.9929351210594177, 0.9929351210594177, 0.9935774207115173, 0.994861900806427, 0.9980732202529907, 0.994861900806427, 0.9922928810119629, 0.9942196607589722, 0.9974309802055359], "val_accuracy": [0.9318735003471375, 0.9318735003471375, 0.9586374759674072, 0.9537712931632996, 0.9781022071838379, 0.9829683899879456, 0.9440389275550842, 0.9878345727920532, 0.985401451587677, 0.9927007555961609, 0.9902676343917847, 0.9927007555961609, 0.9927007555961609, 0.9927007555961609, 0.9951338171958923, 0.9951338171958923, 0.9902676343917847, 0.9951338171958923, 0.9902676343917847, 0.9927007555961609], "val_loss": [0.18237265944480896, 0.13450923562049866, 0.09853047132492065, 0.10440880060195923, 0.05085090920329094, 0.04970011115074158, 0.18913611769676208, 0.03310009464621544, 0.04829327389597893, 0.02394602634012699, 0.023007018491625786, 0.02289082482457161, 0.026849012821912766, 0.016665974631905556, 0.016426101326942444, 0.015638740733265877, 0.023504529148340225, 0.019921395927667618, 0.029919566586613655, 0.02496347203850746], "val_recall": [0.9693877696990967, 0.9795918464660645, 1.0, 1.0, 0.9897959232330322, 1.0, 1.0, 1.0, 1.0, 1.0, 1.0, 1.0, 1.0, 1.0, 1.0, 1.0, 0.9795918464660645, 1.0, 1.0, 1.0], "learning_rate": [9.999999747378752e-05, 9.999999747378752e-05, 9.999999747378752e-05, 9.999999747378752e-05, 9.999999747378752e-05, 9.999999747378752e-05, 9.999999747378752e-05, 9.999999747378752e-05, 9.999999747378752e-05, 9.999999747378752e-05, 9.999999747378752e-05, 9.999999747378752e-05, 9.999999747378752e-05, 9.999999747378752e-05, 9.999999747378752e-05, 9.999999747378752e-05, 9.999999747378752e-05, 9.999999747378752e-05, 9.999999747378752e-05, 4.999999873689376e-05]}, "LR0.0001_UL3": {"accuracy": [0.8991650342941284, 0.9576107859611511, 0.9765574932098389, 0.9826589822769165, 0.9845857620239258, 0.9900449514389038, 0.9919717311859131, 0.9938985109329224, 0.9955042004585266, 0.9958252906799316, 0.9938985109329224, 0.9926140308380127, 0.9964675903320312, 0.9961464405059814, 0.9964675903320312, 0.9987154603004456, 0.9990366101264954, 0.9987154603004456], "loss": [0.2536330819129944, 0.11021961271762848, 0.06030253693461418, 0.04894965514540672, 0.042229775339365005, 0.027725307270884514, 0.026500238105654716, 0.021200967952609062, 0.014012523926794529, 0.012382881715893745, 0.017352111637592316, 0.020167667418718338, 0.009896048344671726, 0.013051087968051434, 0.009511277079582214, 0.00425965990871191, 0.0030043262522667646, 0.003045307472348213], "recall": [0.9190751314163208, 0.9704560041427612, 0.9820166826248169, 0.9833012223243713, 0.9858702421188354, 0.9910083413124084, 0.9922928810119629, 0.9942196607589722, 0.9955042004585266, 0.9955042004585266, 0.9955042004585266, 0.9942196607589722, 0.9967886805534363, 0.9955042004585266, 0.9961464405059814, 0.9987154603004456, 0.9993577599525452, 0.9993577599525452], "val_accuracy": [0.9294403791427612, 0.9489051103591919, 0.9829683899879456, 0.9635036587715149, 0.9732360243797302, 0.9878345727920532, 0.9829683899879456, 0.985401451587677, 0.9975669384002686, 0.9927007555961609, 0.985401451587677, 0.9975669384002686, 0.9878345727920532, 0.9951338171958923, 0.9951338171958923, 0.9975669384002686, 0.9951338171958923, 0.9951338171958923], "val_loss": [0.152639240026474, 0.09245114028453827, 0.04292016103863716, 0.093851737678051, 0.0648510679602623, 0.019580785185098648, 0.03159352391958237, 0.05229645594954491, 0.014348719269037247, 0.016391700133681297, 0.039431262761354446, 0.006527208257466555, 0.0396265871822834, 0.011583901010453701, 0.01433105394244194, 0.007670815102756023, 0.021151581779122353, 0.012954698875546455], "val_recall": [1.0, 1.0, 1.0, 1.0, 1.0, 1.0, 1.0, 1.0, 1.0, 1.0, 1.0, 1.0, 1.0, 1.0, 1.0, 1.0, 1.0, 1.0],